max_close,min_close,avg_close
3265.5361328125,35.16999816894531,1489.6294682443624
