max_close,min_close,avg_close
3265.5361328125,2554.300048828125,3015.3069910849295
