year_month,avg_volume
2025-09,2815416.722222222
2025-10,3270487.1428571427
2025-11,2801426.3157894737
2025-12,2494748.5
2026-01,2773318.476190476
2026-02,4870752.15
2026-03,2556148.3333333335
